https://r.gnavi.co.jp/sp/kansougei/hokkaido/c-3/t-12/list/	【歓送迎会特集】北海道の飲み放題メニューが豊富なお店 歓迎会・送別会におすすめのお店 - ぐるなび	
            北海道
            飲み放題メニューが豊富なお店
            歓迎会・送別会におすすめ!
        	北海道の飲み放題メニューが豊富なお店「ぐるなび」歓送迎会特集。厳選された北海道のレストラン・居酒屋などから宴会にピッタリのお店を7件ご紹介しています。北海道エリアの歓迎会・送別会のお店探しにぜひご活用ください。もちろん予約も電話やネットで簡単にご予約いただけます。	北海道の歓送迎会特集【ぐるなび】。厳選した北海道のレストラン・居酒屋など、「飲み放題メニューが豊富なお店」を軸に歓迎会・送別会にピッタリのお店を掲載！しかもWEBで簡単予約！少人数から大人数まで対応！北海道の歓送迎会特集には幹事さんにお得な特典つきのお店もあります！北海道の歓迎会・送別会にピッタリのお店探しにぜひご活用ください。	https://r.gnavi.co.jp/sp/kansougei/hokkaido/c-3/t-12/list/	【歓送迎会特集】北海道の飲み放題メニューが豊富なお店 歓迎会・送別会におすすめのお店 - ぐるなび	北海道の歓送迎会特集【ぐるなび】。厳選した北海道のレストラン・居酒屋など、「飲み放題メニューが豊富なお店」を軸に歓迎会・送別会にピッタリのお店を掲載！しかもWEBで簡単予約！少人数から大人数まで対応！北海道の歓送迎会特集には幹事さんにお得な特典つきのお店もあります！北海道の歓迎会・送別会にピッタリのお店探しにぜひご活用ください。	https://r.gnavi.co.jp/sp/kansougei/hokkaido/c-3/t-12/list/	http://c-r.gnst.jp/sp/image/pc/common/fb/kansougei.png
https://r.gnavi.co.jp/sp/kansougei/hokkaido/c-3/t-15/list/	【歓送迎会特集】北海道の料理単品注文で飲み放題OK！ 歓迎会・送別会におすすめのお店 - ぐるなび	
            北海道
            料理単品注文で飲み放題OK！
            歓迎会・送別会におすすめ!
        	北海道の料理単品注文で飲み放題OK！「ぐるなび」歓送迎会特集。厳選された北海道のレストラン・居酒屋などから宴会にピッタリのお店を2件ご紹介しています。北海道エリアの歓迎会・送別会のお店探しにぜひご活用ください。もちろん予約も電話やネットで簡単にご予約いただけます。	北海道の歓送迎会特集【ぐるなび】。厳選した北海道のレストラン・居酒屋など、「料理単品注文で飲み放題OK！」を軸に歓迎会・送別会にピッタリのお店を掲載！しかもWEBで簡単予約！少人数から大人数まで対応！北海道の歓送迎会特集には幹事さんにお得な特典つきのお店もあります！北海道の歓迎会・送別会にピッタリのお店探しにぜひご活用ください。	https://r.gnavi.co.jp/sp/kansougei/hokkaido/c-3/t-15/list/	【歓送迎会特集】北海道の料理単品注文で飲み放題OK！ 歓迎会・送別会におすすめのお店 - ぐるなび	北海道の歓送迎会特集【ぐるなび】。厳選した北海道のレストラン・居酒屋など、「料理単品注文で飲み放題OK！」を軸に歓迎会・送別会にピッタリのお店を掲載！しかもWEBで簡単予約！少人数から大人数まで対応！北海道の歓送迎会特集には幹事さんにお得な特典つきのお店もあります！北海道の歓迎会・送別会にピッタリのお店探しにぜひご活用ください。	https://r.gnavi.co.jp/sp/kansougei/hokkaido/c-3/t-15/list/	http://c-r.gnst.jp/sp/image/pc/common/fb/kansougei.png
https://r.gnavi.co.jp/sp/kansougei/hokkaido/c-4/t-17/list/	【歓送迎会特集】北海道のみんなで楽しく！ 焼肉・ホルモン 歓迎会・送別会におすすめのお店 - ぐるなび	
            北海道
            みんなで楽しく！ 焼肉・ホルモン
            歓迎会・送別会におすすめ!
        	北海道のみんなで楽しく！ 焼肉・ホルモン「ぐるなび」歓送迎会特集。厳選された北海道のレストラン・居酒屋などから宴会にピッタリのお店を14件ご紹介しています。北海道エリアの歓迎会・送別会のお店探しにぜひご活用ください。もちろん予約も電話やネットで簡単にご予約いただけます。	北海道の歓送迎会特集【ぐるなび】。厳選した北海道のレストラン・居酒屋など、「みんなで楽しく！ 焼肉・ホルモン」を軸に歓迎会・送別会にピッタリのお店を掲載！しかもWEBで簡単予約！少人数から大人数まで対応！北海道の歓送迎会特集には幹事さんにお得な特典つきのお店もあります！北海道の歓迎会・送別会にピッタリのお店探しにぜひご活用ください。	https://r.gnavi.co.jp/sp/kansougei/hokkaido/c-4/t-17/list/	【歓送迎会特集】北海道のみんなで楽しく！ 焼肉・ホルモン 歓迎会・送別会におすすめのお店 - ぐるなび	北海道の歓送迎会特集【ぐるなび】。厳選した北海道のレストラン・居酒屋など、「みんなで楽しく！ 焼肉・ホルモン」を軸に歓迎会・送別会にピッタリのお店を掲載！しかもWEBで簡単予約！少人数から大人数まで対応！北海道の歓送迎会特集には幹事さんにお得な特典つきのお店もあります！北海道の歓迎会・送別会にピッタリのお店探しにぜひご活用ください。	https://r.gnavi.co.jp/sp/kansougei/hokkaido/c-4/t-17/list/	http://c-r.gnst.jp/sp/image/pc/common/fb/kansougei.png
